employee_id,employee_firstName,employee_lastName,employee_location
1,Emma,Smith,New York
2,Liam,Johnson,Los Angeles
3,Noah,Williams,Chicago
4,Olivia,Jones,Houston
5,Ava,Brown,Phoenix
6,Isabella,Davis,San Francisco
7,Sophia,Miller,Miami
8,Mia,Anderson,Dallas
9,Charlotte,Taylor,Seattle
10,Amelia,Thomas,Austin
11,Harper,Jackson,Atlanta
12,Evelyn,White,Denver
13,Abigail,Harris,Portland
14,Emily,Martin,San Diego
15,Ella,Thompson,Las Vegas
16,Avery,Garcia,Charlotte
17,Sofia,Martinez,Detroit
18,Chloe,Robinson,Washington
19,Grace,Clark,Boston
20,Victoria,Rodriguez,San Francisco
21,Aubrey,Lewis,Baltimore
22,Zoey,Lee,Houston
23,Hannah,Walker,Seattle
24,Lily,Hall,Chicago
25,Layla,Allen,New York
26,Brooklyn,Young,Phoenix
27,Scarlett,Hernandez,Atlanta
28,Zoe,King,Miami
29,Paisley,Wright,Dallas
30,Stella,Lopez,Los Angeles
31,Lillian,Hill,Denver
32,Alyssa,Scott,Portland
33,Madison,Green,San Diego
34,Aria,Adams,Las Vegas
35,Kaylee,Baker,Charlotte
36,Ellie,Gonzalez,Detroit
37,Aaliyah,Nelson,Washington
38,Hailey,Carter,Boston
39,Nora,Mitchell,San Francisco
40,Addison,Perez,Houston
41,Bella,Roberts,Seattle
42,Aurora,Turner,Chicago
43,Alexis,Phillips,New York
44,Savannah,Campbell,Phoenix
45,Audrey,Parker,Atlanta
46,Brooklyn,Evans,Miami
47,Peyton,Edwards,Dallas
48,Maya,Collins,Los Angeles
49,Elena,Stewart,Denver
50,Kylie,Sanchez,Portland
51,Autumn,Morris,San Diego
52,Piper,Rogers,Las Vegas
53,Hazel,Reed,Charlotte
54,Alexa,Cook,Detroit
55,Katherine,Morgan,Washington
56,Allison,Bell,Boston
57,Kinsley,Murphy,Houston
58,Madelyn,Bailey,Seattle
59,Claire,Cox,Chicago
60,Sarah,Richardson,New York
61,Violet,Kelly,Phoenix
62,Keira,Hayes,Atlanta
63,Sadie,Watson,Miami
64,Penelope,Brooks,Dallas
65,Kennedy,Bennett,Los Angeles
66,Skylar,Wood,Denver
67,Lucy,Gray,Portland
68,Ariana,James,San Diego
69,Caroline,Hughes,Las Vegas
70,Genesis,Vargas,Charlotte
71,Ashley,Foster,Detroit
72,Kayla,Gonzales,Washington
73,Nevaeh,Long,Boston
74,Serenity,Flores,Houston
75,Naomi,Ward,Seattle
76,Hailey,Pratt,Chicago
77,Eva,Butler,New York
78,Leah,Ramos,Phoenix
79,Mackenzie,Ryan,Atlanta
80,Kayleigh,Price,Miami
81,Julia,West,Dallas
82,Delilah,Barnes,Los Angeles
83,Arianna,Wood,Denver
84,Cora,Cole,Portland
85,Amy,Jenkins,San Diego
86,Melanie,Perry,Las Vegas
87,Adeline,Powell,Charlotte
88,Isabelle,Long,Detroit
89,Adalynn,Patterson,Washington
90,Maria,Gonzalez,Boston
91,Faith,Brown,Houston
92,Kaitlyn,Hughes,Seattle
93,Luna,Flores,Chicago
94,Gabriella,Murphy,New York
95,Athena,Foster,Phoenix
96,Daniela,Reyes,Atlanta
97,Haley,Cooper,Miami
98,Anna,Rodriguez,Dallas
99,Vivian,Richardson,Los Angeles
100,Camila,Hernandez,Denver
101,Kendall,Young,Portland
102,Catherine,Bell,San Diego
103,Megan,Cook,Las Vegas
104,Morgan,Watson,Charlotte
105,Elsie,Gray,Detroit
106,Scarlet,Edwards,Washington
107,Isla,Collins,Boston
108,Kali,Morgan,Houston
109,Natalia,Bennett,Seattle
110,Ruby,Mitchell,Chicago
111,Lauren,Ross,New York
112,Eleanor,Ross,Phoenix
113,Ashlyn,Watson,Atlanta
114,Annabelle,Stewart,Miami
115,Valeria,Gonzalez,Dallas
116,Emery,Perez,Los Angeles
117,Lucia,Cox,Denver
118,Molly,Richardson,Portland
119,Margaret,Flores,San Diego
120,Jade,Murphy,Las Vegas
121,Ximena,Ward,Charlotte
122,Aniyah,Brown,Detroit
123,Kaydence,Gonzales,Washington
124,Liliana,Long,Boston
125,Melody,Foster,Houston
126,Ariella,Price,Seattle
127,Eden,James,Chicago
128,Eliza,Bell,New York
129,Andrea,Rodriguez,Phoenix
130,Annie,Hughes,Atlanta
131,Rosie,Evans,Miami
132,Hope,Butler,Dallas
133,Juniper,Patterson,Los Angeles
134,Gwendolyn,Wood,Denver
135,Ivy,Cole,Portland
136,Brielle,Perry,San Diego
137,Journey,Hernandez,Las Vegas
138,Adelaide,Long,Charlotte
139,Maci,Diaz,Detroit
140,Madeline,Flores,Washington
141,Charlee,Carter,Boston
142,Cecilia,Morgan,Houston
143,Alaina,Bennett,Seattle
144,Cassandra,Mitchell,Chicago
145,Leilani,Ross,New York
146,Lainey,Ross,Phoenix
147,Isabel,Watson,Atlanta
148,Reese,Stewart,Miami
149,Sarahi,Gonzalez,Dallas
150,Remi,Richardson,Los Angeles
151,Adriana,Cox,Denver
152,Phoebe,Gray,Portland
153,Ayla,Bell,San Diego
154,Stephanie,Cook,Las Vegas
155,Francesca,Watson,Charlotte
156,Lena,Edwards,Detroit
157,Ximena,Gonzales,Washington
158,Arielle,Brown,Houston
159,Keilani,Long,Boston
160,Mckenna,Foster,Seattle
161,Tessa,Hughes,Chicago
162,Miranda,Ross,New York
163,Jordyn,Ross,Phoenix
164,Harmony,Watson,Atlanta
165,Macey,Stewart,Miami
166,Kira,Gonzalez,Dallas
167,Angel,Cooper,Los Angeles
168,Amara,Richardson,Denver
169,Kelsey,Gray,Portland
170,Jasmin,Bell,San Diego
171,Dahlia,Cook,Las Vegas
172,Angelina,Watson,Charlotte
173,Mariam,Edwards,Detroit
174,Jazlyn,Gonzales,Washington
175,Emmalyn,Brown,Houston
176,Kailyn,Long,Boston
177,Kaylin,Foster,Seattle
178,Bianca,Hughes,Chicago
179,Michaela,Ross,New York
180,Kenna,Ross,Phoenix
181,Jane,Watson,Atlanta
182,Kamryn,Stewart,Miami
183,Alayna,Gonzalez,Dallas
184,Kailani,Cooper,Los Angeles
185,Sienna,Richardson,Denver
186,Marilyn,Gray,Portland
187,Joanna,Bell,San Diego
188,Kayden,Cook,Las Vegas
189,Jaliyah,Watson,Charlotte
190,Avah,Edwards,Detroit
191,Rory,Gonzales,Washington
192,Charleigh,Brown,Houston
193,Elaina,Long,Boston
194,Journee,Foster,Seattle
195,Kaya,Hughes,Chicago
196,Sandra,Ross,New York
197,Amya,Ross,Phoenix
198,Yareli,Watson,Atlanta
199,Aisha,Stewart,Miami
200,Kassidy,Gonzalez,Dallas
201,Elyse,Cooper,Los Angeles
202,Abril,Richardson,Denver
203,Emery,Gray,Portland
204,Bethany,Bell,San Diego
205,Ashlynn,Cook,Las Vegas
206,Malia,Watson,Charlotte
207,Amiya,Edwards,Detroit
208,Marlee,Gonzales,Washington
209,River,Brown,Houston
210,Taliyah,Long,Boston
211,Jazmin,Foster,Seattle
212,Rylie,Hughes,Chicago
213,Saige,Ross,New York
214,Deborah,Ross,Phoenix
215,Lennon,Watson,Atlanta
216,Yara,Stewart,Miami
217,Anya,Gonzalez,Dallas
218,Tiffany,Cooper,Los Angeles
219,Magnolia,Richardson,Denver
220,Briella,Gray,Portland
221,Evie,Bell,San Diego
222,Aileen,Cook,Las Vegas
223,Kassandra,Watson,Charlotte
224,Tori,Edwards,Detroit
225,Liberty,Gonzales,Washington
226,Mara,Brown,Houston
227,Dylan,Long,Boston
228,Julianne,Foster,Seattle
229,Anahi,Hughes,Chicago
230,Charity,Ross,New York
231,Christina,Ross,Phoenix
232,Caylee,Watson,Atlanta
233,Saniyah,Stewart,Miami
234,Marina,Gonzalez,Dallas
235,Nyla,Cooper,Los Angeles
236,Danica,Richardson,Denver
237,Isis,Gray,Portland
238,Rylan,Bell,San Diego
239,Karsyn,Cook,Las Vegas
240,Sylvia,Watson,Charlotte
241,Sonia,Edwards,Detroit
242,Madalyn,Gonzales,Washington
243,Amia,Brown,Houston
244,Leighton,Long,Boston
245,Janiyah,Foster,Seattle
246,Kadence,Hughes,Chicago
247,Kairi,Ross,New York
248,Alani,Ross,Phoenix
249,Meadow,Watson,Atlanta
250,Tiana,Stewart,Miami
251,Perla,Gonzalez,Dallas
252,Dulce,Cooper,Los Angeles
253,Arya,Richardson,Denver
254,Anabella,Gray,Portland
255,Heaven,Bell,San Diego
256,Ansley,Cook,Las Vegas
257,Emmalynn,Watson,Charlotte
258,Kiley,Edwards,Detroit
259,Arely,Gonzales,Washington
260,Demi,Brown,Houston
261,Analia,Long,Boston
262,Clarissa,Foster,Seattle
263,Emelia,Hughes,Chicago
264,Lilah,Ross,New York
265,Kyleigh,Ross,Phoenix
266,Marleigh,Watson,Atlanta
267,Lea,Stewart,Miami
268,Kiana,Gonzalez,Dallas
269,Amara,Cooper,Los Angeles
270,Janiya,Richardson,Denver
271,Mira,Gray,Portland
272,Kailynn,Bell,San Diego
273,Taya,Cook,Las Vegas
274,Emilie,Watson,Charlotte
275,Addilyn,Edwards,Detroit
276,Catalina,Gonzales,Washington
277,Sariah,Brown,Houston
278,Ashanti,Long,Boston
279,Regina,Foster,Seattle
280,Phoenix,Hughes,Chicago
281,Anabella,Ross,New York
282,Jayleen,Ross,Phoenix
283,Lizbeth,Watson,Atlanta
284,Abby,Stewart,Miami
285,Kensley,Gonzalez,Dallas
286,Dayana,Cooper,Los Angeles
287,Mercedes,Richardson,Denver
288,Raven,Gray,Portland
289,Bailee,Bell,San Diego
290,Saanvi,Cook,Las Vegas
291,Jewel,Watson,Charlotte
292,Isabela,Edwards,Detroit
293,Aubrie,Gonzales,Washington
294,Annika,Brown,Houston
295,Kaylyn,Long,Boston
296,Amirah,Foster,Seattle
297,Erika,Hughes,Chicago
298,Jaelynn,Ross,New York
299,Kallie,Ross,Phoenix
300,Avalynn,Watson,Atlanta
301,Leslie,Stewart,Miami
302,Gia,Gonzalez,Dallas
303,Elisa,Cooper,Los Angeles
304,Aryanna,Richardson,Denver
305,Ashleigh,Gray,Portland
306,Myra,Bell,San Diego
307,Roselyn,Cook,Las Vegas
308,Anika,Watson,Charlotte
309,Tatiana,Edwards,Detroit
310,Reyna,Gonzales,Washington
311,Johanna,Brown,Houston
312,Jaelyn,Long,Boston
313,Brynlee,Foster,Seattle
314,Madyson,Hughes,Chicago
315,Aryanna,Ross,New York
316,Eileen,Rossi,Gonzales,Washington
396,Shayla,Brown,Houston
397,Kaylen,Long,Boston
398,Azaria,Foster,Seattle
399,Karly,Hughes,Chicago
400,Ember,Ross,New York
401,Sharon,Ross,Phoenix
402,Clare,Watson,Atlanta
403,Maliah,Stewart,Miami
404,Livia,Gonzalez,Dallas
405,Anabella,Cooper,Los Angeles
406,Audriana,Richardson,Denver
407,Yazmin,Gray,Portland
408,Belen,Bell,San Diego
409,Aubri,Cook,Las Vegas
410,Analia,Watson,Charlotte
411,Bailey,Edwards,Detroit
412,Amiya,Gonzales,Washington
413,Rylan,Brown,Houston
414,Armani,Long,Boston
415,Elyssa,Foster,Seattle
416,Joy,Hughes,Chicago
417,Ryann,Ross,New York
418,Jordynn,Ross,Phoenix
419,Princess,Watson,Atlanta
420,Emmaline,Stewart,Miami
421,Maryam,Gonzalez,Dallas
422,Sarai,Cooper,Los Angeles
423,Emmalynn,Richardson,Denver
424,Kai,Gray,Portland
425,Lucille,Bell,San Diego
426,Sylvie,Cook,Las Vegas
427,Esperanza,Watson,Charlotte
428,Cara,Edwards,Detroit
429,Yazmine,Gonzales,Washington
430,Addalyn,Brown,Houston
431,Keily,Long,Boston
432,Madalynn,Foster,Seattle
433,Kaiya,Hughes,Chicago
434,Bexley,Ross,New York
435,Emorie,Ross,Phoenix
436,Karsyn,Watson,Atlanta
437,Kaitlin,Stewart,Miami
438,Bryleigh,Gonzalez,Dallas
439,Janae,Cooper,Los Angeles
440,Emmie,Richardson,Denver
441,Kallie,Gray,Portland
442,Miley,Bell,San Diego
443,Sonia,Cook,Las Vegas
444,Aryana,Watson,Charlotte
445,Renee,Edwards,Detroit
446,Kynlee,Gonzales,Washington
447,Ainsley,Brown,Houston
448,Anais,Long,Boston
449,Elsy,Foster,Seattle
450,Emmalyn,Hughes,Chicago
451,Elyse,Ross,New York
452,Kenslee,Ross,Phoenix
453,Jaslyn,Watson,Atlanta
454,Kailynn,Stewart,Miami
455,Carolyn,Gonzalez,Dallas
456,Laney,Cooper,Los Angeles
457,Tinley,Richardson,Denver
458,Lilia,Gray,Portland
459,Alma,Bell,San Diego
460,Cecily,Cook,Las Vegas
461,Bryn,Watson,Charlotte
462,Kristina,Edwards,Detroit
463,Micah,Gonzales,Washington
464,Maribel,Brown,Houston
465,Emmeline,Long,Boston
466,Aleigha,Foster,Seattle
467,Emmalie,Hughes,Chicago
468,Kaydence,Ross,New York
469,Kaylin,Ross,Phoenix
470,Emmarie,Watson,Atlanta
471,Moriah,Stewart,Miami
472,Kaitlynn,Gonzalez,Dallas
473,Jaylyn,Cooper,Los Angeles
474,Brynley,Richardson,Denver
475,Janessa,Gray,Portland
476,Bria,Bell,San Diego
477,Marin,Cook,Las Vegas
478,Emmy,Watson,Charlotte
479,Karissa,Edwards,Detroit
480,Kalea,Gonzales,Washington
481,Brynn,Brown,Houston
482,Ananya,Long,Boston
483,Emmarose,Foster,Seattle
484,Emmalee,Hughes,Chicago
485,Marleigh,Ross,New York
486,Marlie,Ross,Phoenix
487,Alessia,Watson,Atlanta
488,Marin,Stewart,Miami
489,Elliott,Gonzalez,Dallas
490,Kaila,Cooper,Los Angeles
491,Emmalynn,Richardson,Denver
492,Belle,Gray,Portland
493,Miracle,Bell,San Diego
494,Kaylyn,Cook,Las Vegas
495,Addisyn,Watson,Charlotte
496,Riya,Edwards,Detroit
497,Amani,Gonzales,Washington
498,Karmen,Brown,Houston
499,Kensington,Long,Boston
500,Emmalynn,Foster,Seattle
501,Madalyn,Hughes,Chicago
502,Ann,Ross,New York
503,Maddison,Ross,Phoenix
504,Aubriella,Watson,Atlanta
505,Ellianna,Stewart,Miami
506,Kora,Gonzalez,Dallas
507,Moriah,Cooper,Los Angeles
508,Blakely,Richardson,Denver
509,Mae,Bell,San Diego
510,Aleena,Cook,Las Vegas
511,Aspen,Watson,Charlotte
512,Caydence,Edwards,Detroit
513,Dania,Gonzales,Washington
514,Emberly,Brown,Houston
515,Jazlynn,Long,Boston
516,Brynleigh,Foster,Seattle
517,Bryn,Hughes,Chicago
518,Braelynn,Ross,New York
519,Emmaleigh,Ross,Phoenix
520,Rosalia,Watson,Atlanta
521,Miya,Stewart,Miami
522,Jocelyn,Gonzalez,Dallas
523,Elora,Cooper,Los Angeles
524,Aviana,Richardson,Denver
525,Rosie,Gray,Portland
526,Myah,Bell,San Diego
527,Kiersten,Cook,Las Vegas
528,Kaylynn,Watson,Charlotte
529,Marjorie,Edwards,Detroit
530,Alena,Gonzales,Washington
531,Anabella,Brown,Houston
532,Anaya,Long,Boston
533,Kamila,Foster,Seattle
534,Jaylene,Hughes,Chicago
535,Lindsay,Ross,New York
536,Jane,Ross,Phoenix
537,Ally,Watson,Atlanta
538,Miley,Stewart,Miami
539,Alia,Gonzalez,Dallas
540,Reina,Cooper,Los Angeles
541,Saanvi,Richardson,Denver
542,Desiree,Gray,Portland
543,Annabel,Bell,San Diego
544,Aleah,Cook,Las Vegas
545,Alayah,Watson,Charlotte
546,Kaylen,Edwards,Detroit
547,Kynlee,Gonzales,Washington
548,Kynleigh,Brown,Houston
549,Madalynn,Long,Boston
550,Kristen,Foster,Seattle
551,Myra,Hernandez,Chicago
552,Kylee,Ross,New York
553,Kailey,Ross,Phoenix
554,Elliott,Watson,Atlanta
555,River,Stewart,Miami
556,Katrina,Gonzalez,Dallas
557,Anika,Cooper,Los Angeles
558,Marissa,Richardson,Denver
559,Shiloh,Gray,Portland
560,Coraline,Bell,San Diego
561,Avalyn,Cook,Las Vegas
562,Cynthia,Watson,Charlotte
563,Meghan,Edwards,Detroit
564,Kailani,Gonzales,Washington
565,Lina,Brown,Houston
566,Kaelyn,Long,Boston
567,Maisie,Foster,Seattle
568,Charli,Hughes,Chicago
569,Jamie,Ross,New York
570,Anais,Ross,Phoenix
571,Kallie,Watson,Atlanta
572,Blair,Stewart,Miami
573,Angelica,Gonzalez,Dallas
574,Alejandra,Cooper,Los Angeles
575,Jenny,Richardson,Denver
576,Rylan,Gray,Portland
577,Sherlyn,Bell,San Diego
578,Emme,Cook,Las Vegas
579,Ansley,Watson,Charlotte
580,Kailyn,Edwards,Detroit
581,Areli,Gonzales,Washington
582,Arden,Brown,Houston
583,Ayleen,Long,Boston
584,Desirae,Foster,Seattle
585,Christiana,Hughes,Chicago
586,Leighton,Ross,New York
587,Jaylin,Ross,Phoenix
588,Amina,Watson,Atlanta
589,Reyna,Stewart,Miami
590,Dylan,Gonzalez,Dallas
591,Francesca,Cooper,Los Angeles
592,Kinsleigh,Richardson,Denver
593,Sutton,Gray,Portland
594,Micah,Bell,San Diego
595,Karsen,Cook,Las Vegas
596,Kaiya,Watson,Charlotte
597,Marlie,Edwards,Detroit
598,Alisa,Gonzales,Washington
599,Harleigh,Brown,Houston
600,Belen,Long,Boston
601,Jaslene,Foster,Seattle
602,Marleigh,Hughes,Chicago
603,Clara,Ross,New York
604,Jaycee,Ross,Phoenix
605,Alaya,Watson,Atlanta
606,Alannah,Stewart,Miami
607,Aliza,Gonzalez,Dallas
608,Paloma,Cooper,Los Angeles
609,Margaret,Richardson,Denver
610,Karma,Gray,Portland
611,Martha,Bell,San Diego
612,Charleigh,Cook,Las Vegas
613,Emalyn,Watson,Charlotte
614,Jaslene,Edwards,Detroit
615,Mae,Brown,Houston
616,Anabella,Long,Boston
617,Amiyah,Foster,Seattle
618,Adelaide,Hughes,Chicago
619,Myah,Ross,New York
620,Kourtney,Ross,Phoenix
621,Lucinda,Watson,Atlanta
622,Kaelynn,Stewart,Miami
623,Esme,Gonzalez,Dallas
624,Luz,Cooper,Los Angeles
625,Elle,Richardson,Denver
626,Roselyn,Gray,Portland
627,Marleigh,Bell,San Diego
628,Arlette,Cook,Las Vegas
629,Sariyah,Watson,Charlotte
630,Saniyah,Edwards,Detroit
631,Ayanna,Gonzales,Washington
632,Mina,Brown,Houston
633,Kayley,Long,Boston
634,Luz,Foster,Seattle
635,Alaysia,Hughes,Chicago
636,Rose,Ross,New York
637,Jazmine,Ross,Phoenix
638,Nala,Watson,Atlanta
639,Anabelle,Stewart,Miami
640,Emory,Gonzalez,Dallas
641,Kamryn,Cooper,Los Angeles
642,Amelie,Richardson,Denver
643,Malaya,Gray,Portland
644,Giovanna,Bell,San Diego
645,Blaire,Cook,Las Vegas
646,Charity,Watson,Charlotte
647,Adaline,Edwards,Detroit
648,Alanna,Gonzales,Washington
649,Audriana,Brown,Houston
650,Madaline,Long,Boston
651,Sariah,Foster,Seattle
652,Adrienne,Hughes,Chicago
653,Braelyn,Ross,New York
654,Elyssa,Ross,Phoenix
655,Karli,Watson,Atlanta
656,Sariyah,Stewart,Miami
657,Emilie,Gonzalez,Dallas
658,Lainey,Cooper,Los Angeles
659,Aracely,Richardson,Denver
660,Ariyah,Gray,Portland
661,Libby,Bell,San Diego
662,Karissa,Cook,Las Vegas
663,Sidney,Watson,Charlotte
664,Damaris,Edwards,Detroit
665,Lillyana,Gonzales,Washington
666,Sariah,Brown,Houston
667,Karen,Long,Boston
668,Jayde,Foster,Seattle
669,Jaqueline,Hughes,Chicago
670,Livia,Ross,New York
671,Essence,Ross,Phoenix
672,Ailani,Watson,Atlanta
673,Marley,Stewart,Miami
674,Lorelai,Gonzalez,Dallas
675,Brisa,Cooper,Los Angeles
676,Catalina,Richardson,Denver
677,Ayana,Gray,Portland
678,Sidnee,Bell,San Diego
679,Yurem,Cook,Las Vegas
680,Lillie,Watson,Charlotte
681,Kaydence,Edwards,Detroit
682,Kierstin,Gonzales,Washington
683,Kyleigh,Brown,Houston
684,Scarlette,Long,Boston
685,Essence,Foster,Seattle
686,Lea,Hughes,Chicago
687,Mariela,Ross,New York
688,Ari,Ross,Phoenix
689,Kori,Watson,Atlanta
690,Elianna,Stewart,Miami
691,Gabriela,Gonzalez,Dallas
692,Kora,Cooper,Los Angeles
693,Bryanna,Richardson,Denver
694,Marlie,Gray,Portland
695,Deanna,Bell,San Diego
696,Shirley,Cook,Las Vegas
697,Kenzie,Watson,Charlotte
698,Kailynn,Edwards,Detroit
699,Yasmin,Gonzales,Washington
700,Karley,Brown,Houston
701,Skyla,Long,Boston
702,Taylor,Foster,Seattle
703,Leyla,Hughes,Chicago
704,Ayleen,Ross,New York
705,Janet,Ross,Phoenix
706,Leena,Watson,Atlanta
707,Ingrid,Stewart,Miami
708,Kaylyn,Gonzalez,Dallas
709,Alayah,Cooper,Los Angeles
710,Maliah,Richardson,Denver
711,Rihanna,Gray,Portland
712,Kaylie,Bell,San Diego
713,Annabel,Cook,Las Vegas
714,Kylee,Watson,Charlotte
715,Alisa,Edwards,Detroit
716,Samiyah,Gonzales,Washington
717,Kora,Brown,Houston
718,Jada,Long,Boston
719,Nathalie,Foster,Seattle
720,Audrianna,Hughes,Chicago
721,Renee,Ross,New York
722,Madilynn,Ross,Phoenix
723,Charlize,Watson,Atlanta
724,Emiliana,Stewart,Miami
725,Aleena,Gonzalez,Dallas
726,Lillianna,Cooper,Los Angeles
727,Kaleigh,Richardson,Denver
728,Briana,Gray,Portland
729,Leilah,Bell,San Diego
730,Harmoni,Cook,Las Vegas
731,Lailah,Watson,Charlotte
732,Dallas,Edwards,Detroit
733,Aniyah,Gonzales,Washington
734,Cara,Brown,Houston
735,Kierstyn,Long,Boston
736,Ashtyn,Foster,Seattle
737,Jaslyn,Hughes,Chicago
738,Carlee,Ross,New York
739,Karlie,Ross,Phoenix
740,Aleah,Watson,Atlanta
741,Jaida,Stewart,Miami
742,Aliza,Gonzalez,Dallas
743,Kaya,Cooper,Los Angeles
744,Mariyah,Richardson,Denver
745,Joyce,Gray,Portland
746,Myra,Bell,San Diego
747,Shania,Cook,Las Vegas
748,Celeste,Watson,Charlotte
749,Myla,Edwards,Detroit
750,Kenna,Gonzales,Washington
751,Jaida,Brown,Houston
752,Jaden,Long,Boston
753,Janice,Foster,Seattle
754,Anniston,Hughes,Chicago
755,Saniyah,Ross,New York
756,Meadow,Ross,Phoenix
757,Ariya,Watson,Atlanta
758,Mary,Stewart,Miami
759,Analia,Gonzalez,Dallas
760,Rosa,Cooper,Los Angeles
761,Malia,Richardson,Denver
762,Aylin,Gray,Portland
763,Blakely,Bell,San Diego
764,Emery,Cook,Las Vegas
765,Amirah,Watson,Charlotte
766,Ashton,Edwards,Detroit
767,Reina,Gonzales,Washington
768,Taryn,Brown,Houston
769,Aryanna,Long,Boston
770,Chanel,Foster,Seattle
771,Belen,Hughes,Chicago
772,Celestine,Ross,New York
773,Cambria,Ross,Phoenix
774,Karla,Watson,Atlanta
775,Kynslee,Stewart,Miami
776,Kierra,Gonzalez,Dallas
777,Aryana,Cooper,Los Angeles
778,Anaya,Richardson,Denver
779,Mya,Gray,Portland
780,Jaylene,Bell,San Diego
781,Liberty,Cook,Las Vegas
782,Aiyanna,Watson,Charlotte
783,Tessa,Edwards,Detroit
784,Yamileth,Gonzales,Washington
785,Charity,Brown,Houston
786,Kendyl,Long,Boston
787,Ariah,Foster,Seattle
788,Laney,Hughes,Chicago
789,Rory,Ross,New York
790,Nala,Ross,Phoenix
791,Camille,Watson,Atlanta
792,Briley,Stewart,Miami
793,Emilie,Gonzalez,Dallas
794,Amina,Cooper,Los Angeles
795,Ember,Richardson,Denver
796,Journey,Gray,Portland
797,Celestina,Bell,San Diego
798,Anika,Cook,Las Vegas
799,Kensington,Watson,Charlotte
800,Azaria,Edwards,Detroit
801,Salma,Gonzales,Washington
802,Amalia,Brown,Houston
803,Kaitlin,Long,Boston
804,Amirah,Foster,Seattle
805,Kallie,Hughes,Chicago
806,Adeline,Ross,New York
807,Cecelia,Ross,Phoenix
808,Malani,Watson,Atlanta
809,Madilynn,Stewart,Miami
810,Maribel,Gonzalez,Dallas
811,Anahi,Cooper,Los Angeles
812,Yamilet,Richardson,Denver
813,Marleigh,Gray,Portland
814,Estrella,Bell,San Diego
815,Caylee,Cook,Las Vegas
816,Ayleen,Watson,Charlotte
817,Emelia,Edwards,Detroit
818,Dayana,Gonzales,Washington
819,Mara,Brown,Houston
820,Amayah,Long,Boston
821,Kendal,Foster,Seattle
822,Elora,Hughes,Chicago
823,Karolina,Ross,New York
824,Kenna,Ross,Phoenix
825,Marianna,Watson,Atlanta
826,Liv,Stewart,Miami
827,Alia,Gonzalez,Dallas
828,Mariam,Cooper,Los Angeles
829,Ingrid,Richardson,Denver
830,Nia,Gray,Portland
831,Cecily,Bell,San Diego
832,Mabel,Cook,Las Vegas
833,Audrina,Watson,Charlotte
834,Kiana,Edwards,Detroit
835,Karsyn,Gonzales,Washington
836,Adyson,Brown,Houston
837,Marin,Long,Boston
838,Rory,Foster,Seattle
839,Kaiya,Hughes,Chicago
840,Frances,Ross,New York
841,Kai,Ross,Phoenix
842,Rosie,Watson,Atlanta
843,Estella,Stewart,Miami
844,Margaret,Gonzalez,Dallas
845,Brisa,Cooper,Los Angeles
846,Marlie,Richardson,Denver
847,Emmeline,Gray,Portland
848,Demi,Bell,San Diego
849,Katelyn,Cook,Las Vegas
850,Aubri,Watson,Charlotte
851,Eryn,Edwards,Detroit
852,Kianna,Gonzales,Washington
853,Laurel,Brown,Houston
854,Emmerson,Long,Boston
855,Kai,Foster,Seattle
856,Anabella,Hughes,Chicago
857,Emilia,Ross,New York
858,Paige,Ross,Phoenix
859,Ariyah,Watson,Atlanta
860,Amalia,Stewart,Miami
861,Emery,Gonzalez,Dallas
862,Marjorie,Cooper,Los Angeles
863,Belen,Richardson,Denver
864,Emmalynn,Gray,Portland
865,Annalee,Bell,San Diego
866,Lorena,Cook,Las Vegas
867,Saanvi,Watson,Charlotte
868,Saniyah,Edwards,Detroit
869,Karma,Gonzales,Washington
870,Charlize,Brown,Houston
871,Aspen,Long,Boston
872,Ariadne,Foster,Seattle
873,Bryleigh,Hughes,Chicago
874,Lauren,Ross,New York
875,Aubri,Ross,Phoenix
876,Kierra,Watson,Atlanta
877,Lilian,Stewart,Miami
878,Alessandra,Gonzalez,Dallas
879,Alessia,Cooper,Los Angeles
880,Jessa,Richardson,Denver
881,Lyla,Gray,Portland
882,Kaylynn,Bell,San Diego
883,Persephone,Cook,Las Vegas
884,Kaleigh,Watson,Charlotte
885,Myra,Edwards,Detroit
886,Yoselin,Gonzales,Washington
887,Kaylie,Brown,Houston
888,Kassidy,Long,Boston
889,Saylor,Foster,Seattle
890,Adalynn,Hughes,Chicago
891,Jordynn,Ross,New York
892,Krystal,Ross,Phoenix
893,Marleigh,Watson,Atlanta
894,Marianna,Stewart,Miami
895,Alejandra,Gonzalez,Dallas
896,Kailani,Cooper,Los Angeles
897,Ariadna,Richardson,Denver
898,Cassandra,Gray,Portland
899,Alora,Bell,San Diego
900,Amy,Cook,Las Vegas
901,Lainey,Watson,Charlotte
902,Alessandra,Edwards,Detroit
903,Allyson,Gonzales,Washington
904,Kaitlynn,Brown,Houston
905,Ember,Long,Boston
906,Kora,Foster,Seattle
907,Kamille,Hughes,Chicago
908,Arden,Ross,New York
909,Jolene,Ross,Phoenix
910,Esme,Watson,Atlanta
911,Maritza,Stewart,Miami
912,Aleena,Gonzalez,Dallas
913,Milana,Cooper,Los Angeles
914,Avah,Richardson,Denver
915,Alyvia,Gray,Portland
916,Sariah,Bell,San Diego
917,Arely,Cook,Las Vegas
918,Carina,Watson,Charlotte
919,Mariyah,Edwards,Detroit
920,Amani,Gonzales,Washington
921,Ingrid,Brown,Houston
922,Reina,Long,Boston
923,Desiree,Foster,Seattle
924,Madisyn,Hughes,Chicago
925,Sidney,Ross,New York
926,Carmen,Ross,Phoenix
927,Janiya,Watson,Atlanta
928,Estelle,Stewart,Miami
929,Gemma,Gonzalez,Dallas
930,Selena,Cooper,Los Angeles
931,Cecelia,Richardson,Denver
932,Ashlynn,Gray,Portland
933,Emmaline,Bell,San Diego
934,Aniyah,Cook,Las Vegas
935,Macy,Watson,Charlotte
936,Mary,Edwards,Detroit
937,Lucy,Gonzales,Washington
938,Lilliana,Brown,Houston
939,Ryleigh,Long,Boston
940,Emory,Foster,Seattle
941,Carley,Hughes,Chicago
942,Kristina,Ross,New York
943,Aileen,Ross,Phoenix
944,Kyra,Watson,Atlanta
945,Bailee,Stewart,Miami
946,Marissa,Gonzalez,Dallas
947,Ashlynn,Cooper,Los Angeles
948,Analia,Richardson,Denver
949,Avalynn,Gray,Portland
950,River,Bell,San Diego
951,Erika,Cook,Las Vegas
952,Camilla,Watson,Charlotte
953,Angeline,Edwards,Detroit
954,Audrianna,Gonzales,Washington
955,Elaina,Brown,Houston
956,Arielle,Long,Boston
957,Sandra,Foster,Seattle
958,Amiya,Hughes,Chicago
959,Macy,Ross,New York
960,Jayde,Ross,Phoenix
961,Aubrielle,Watson,Atlanta
962,Marley,Stewart,Miami
963,Aria,Gonzalez,Dallas
964,Kaylynn,Cooper,Los Angeles
965,Cataleya,Richardson,Denver
966,Mckenna,Gray,Portland
967,Maren,Bell,San Diego
968,Ashlyn,Cook,Las Vegas
969,Ansley,Watson,Charlotte
970,Christina,Edwards,Detroit
971,Lena,Gonzales,Washington
972,Elisa,Brown,Houston
973,Janelle,Long,Boston
974,Remy,Foster,Seattle
975,Amia,Hughes,Chicago
976,Marley,Ross,New York
977,Kora,Ross,Phoenix
978,Annie,Watson,Atlanta
979,Isis,Stewart,Miami
980,Alisson,Gonzalez,Dallas
981,Kalani,Cooper,Los Angeles
982,Audriana,Richardson,Denver
983,Emery,Gray,Portland
984,Harlee,Bell,San Diego
985,Eileen,Cook,Las Vegas
986,Simone,Watson,Charlotte
987,Dahlia,Edwards,Detroit
988,Kaleigh,Gonzales,Washington
989,Sherlyn,Brown,Houston
990,Audriana,Long,Boston
991,Kailynn,Foster,Seattle
992,Marin,Hughes,Chicago
993,Skylar,Ross,New York
994,Arlette,Ross,Phoenix
995,Azalea,Watson,Atlanta
996,Lyric,Stewart,Miami
997,Marlene,Gonzalez,Dallas
998,Kensington,Cooper,Los Angeles
999,Leanna,Richardson,Denver
1000,Marlie,Gray,Portland
